scenario,mau,avg_orders_user,aov,total_orders,total_revenue,gross_profit,campaign_cost,net_profit_before,net_profit_after,incremental_profit,roi_pct
Base Case,1000000,1.6,1500,1600000,2400000000,120000000,0,72000000,72000000,0,0
Lever1_Freq+20,1000000,1.92,1500,1920000,2880000000,144000000,500000,86400000,85900000,13900000,2780.0
Lever2_AOV+15,1000000,1.6,1724.9999999999998,1600000,2759999999,137999999,300000,82799999,82499999,10499999,3500.0
Lever1_Freq+10,1000000,1.76,1500,1760000,2640000000,132000000,500000,79200000,78700000,6700000,1340.0
Lever2_AOV+10,1000000,1.6,1650.0000000000002,1600000,2640000000,132000000,300000,79200000,78900000,6900000,2300.0
Lever2_AOV+20,1000000,1.6,1800.0,1600000,2880000000,144000000,300000,86400000,86100000,14100000,4700.0
Hybrid,1000000,1.76,1650.0000000000002,1760000,2904000000,145200000,700000,87120000,86420000,14420000,2060.0
